Business Name,Category,Address,Phone,Email,Website
Ray White Bendigo,Real Estate Auctioneers,"27 Queen Street, Bendigo, VIC, 3550",(03) 5443 8500,reception.bendigo@raywhite.com,https://raywhitebendigo.com.au
O'Sullivan Johanson Lawyers,Conveyancer & Conveyancing Services,"5 Victoria Lane, Pall Mall, Bendigo, VIC, 3550",(03) 5440 2900,,http://www.osjlaw.com.au/
McKean McGregor PTY LTD,Stock & Station Agents,"174 Strickland Road, Strathdale, VIC, 3550",(03) 5454 6600,clientservices@mckeanmcgregor.com.au,http://www.mckeanmcgregor.com.au/
Your Land Developments,Real Estate Development,"57A Queen St, Bendigo, VIC, 3550",(03) 5445 7800,,http://www.yourland.com/
Udevelop Property Development Consultancy,Real Estate Development,"Bendigo, VIC 3550",,,
Luke Goggin Real Estate,Real Estate Sales Advisory Services,"109 Mitchell St, Bendigo, VIC, 3550",(03) 5442 1422,,
Expert Real Estate,Property Management,"113 MItchell St, Bendigo, VIC, 3550",(03) 5445 0000,,http://www.expertrealestate.com.au/
Bendigo Real Estate,Property Management,"10 King Street, Bendigo, VIC, 3550",(03) 5441 4555,info@bendigorealestate.com.au,http://www.bendigorealestate.com.au/
Professionals clarke mcivor real estate Bendigo,Property Management,"84 Mitchell St, Bendigo, VIC, 3550",(03) 5442 1122,,
Rix Business Brokers & Real Estate,Hotel & Motel Brokers,"Suite 1/ 56 Harley St, Bendigo, VIC, 3550",(03) 5334 4177,,
Goldfields Real Estate Bendigo,Real Estate Agents,"49 High St, Eaglehawk, VIC, 3556",(03) 5446 2000,,
First National Real Estate Tweed Sutherland,Real Estate Agents,"52 Mitchell St, Bendigo, VIC, 3550",(03) 5440 9500,admin@tsfn.com.au,https://www.tsfn.com.au/
PRD Nationwide Bendigo,Real Estate Agents,"158 Lyttleton Tce, Bendigo, VIC, 3550",(03) 5444 0344,tomi@prdbendigo.com.au,http://www.prdbendigo.com.au/
DCK Real Estate Agents,Real Estate Agents,"Level 1/ 10 King St, Bendigo, VIC, 3550",(03) 5440 5000,info@dck.com.au,http://www.dck.com.au/
Belle Property,Real Estate Agents,"108 Pall Mall, Bendigo, VIC, 3550",(03) 5448 6803,,https://www.belleproperty.com/bendigo
PH Property,Real Estate Agents,"29 Mundy St, Bendigo, VIC, 3550",(03) 5454 1999,reception@phproperty.com.au,http://www.phproperty.com.au/
Elders Real Estate Bendigo,Real Estate Agents,"46 Queen St, Bendigo, VIC, 3550",(03) 5443 1744,martin@eldersbendigo.com.au,http://www.eldersbendigo.com.au/
C R Martin Real Estate,Real Estate Agents,"77 Mitchell St, Bendigo, VIC, 3550",(03) 5440 7000,admin@crmartin.com.au,http://www.crmartin.com.au/
Bendigo Property Management,Real Estate Agents,"92 Queen St, Bendigo, VIC, 3550",(03) 5442 9000,,http://www.bendigopropertymanagement.com.au/
Mawby Property,Real Estate Agents,"105 Mitchell St, Bendigo, VIC, 3550",(03) 5444 9888,,http://www.mawby.com.au/
Ellis Nuttall Real Estate,Real Estate Agents,"92 Queen St, Bendigo, VIC, 3550",(03) 5442 8111,,
Tony Harrington Estate Agents,Real Estate Agents,"141 View St, Bendigo, VIC, 3550",(03) 5442 2255,,http://www.tonyharrington.com.au/
REMAX,Real Estate Agents,"43A High St, Bendigo, VIC, 3550",(07) 3007 9000,,http://www.remax.com.au/
Barry Plant,Real Estate Agents,"385 Hargreaves St, Bendigo, VIC 3550",(03) 5444 2526,bendigorentals@barryplant.com.au,http://www.barryplant.com.au/bendigo
Webster Real Estate Bendigo Pty Ltd,Real Estate Agents,"83-85 Mitchell St, Bendigo, VIC, 3550",(03) 5443 6336,,http://www.websterrealestate.com.au/
Dungey Carter Ketterer Pty Ltd,Real Estate Agents,"35 Queen St, Bendigo, VIC, 3550",(03) 5440 5000,info@dck.com.au,http://www.dck.com.au/
YourLand Developments,Real Estate Agents,"57A Queen St, Bendigo, VIC, 3539",,,https://yourland.com/
Maher Real Estate,Real Estate Agents,"Bendigo, VIC 3550",(03) 5444 3312,,http://www.maherrealestate.com.au/
Priority1 Property,Real Estate Agents,"58-60 Mitchell St, Bendigo, VIC, 3550",(03) 5400 1200,admin@p1property.com.au,http://www.p1property.com.au/
Tweed Sutherland First National,Real Estate Agents,"52 Mitchell St, Bendigo, VIC 3550",(03) 5440 9500,admin@tsfn.com.au,https://www.tsfn.com.au/
LJ Hooker Bendigo,Real Estate Agents,"113 MItchell St, Bendigo, VIC, 3550",(03) 5445 0000,,
Jens Gaunt Real Estate,Real Estate Agents,"8 King St, Bendigo, VIC, 3550",(03) 5444 0344,,
River Valley Developments Pty Ltd,Real Estate Agents,"145-147 Howard St, Epsom, VIC, 3551",(03) 5448 4400,,
Experts Real Estate,Real Estate Agents,"113 MItchell St, Bendigo, VIC, 3550",(03) 5445 0000,,
Select Property Group,Real Estate Agents,"571 Hargreaves St, Bendigo, VIC, 3550",(03) 5443 8093,,
JAYDE NEATE REAL ESTATE PTY LTD,Real Estate Agents,"Golden Square, VIC 3555",,,
Bendigo Property Plus,Real Estate Agents,"148-152 High St, Kangaroo Flat, VIC, 3555",(03) 5447 4088,sales@propertyplusre.com.au,http://www.bendigopropertyplus.com.au/
Gavin Butler Real Estate,Real Estate Agents,"74 Midland Hwy, Epsom, VIC, 3551",0427 88 77 66,sales@gavinbutler.com.au,http://www.gavinbutler.com.au/
Sky Rocket Property Group,Real Estate Agents,"Strathdale, VIC 3550",(03) 5444 0885,,https://www.skyrocketproperty.com.au/
Monara Real Estate Australia,Real Estate Agents,"33 Beischer St, Strathdale, VIC, 3550",(03) 4433 1110,,
Gill Hunter & Anne,Real Estate Agents,"14 The Strand, Kennington, VIC, 3550",(03) 5443 8939,,
Mark O'Shea Realty,Real Estate Agents,"9 Bronwyn Ct, Spring Gully, VIC, 3550",,,
